Workbook

Sheet Audit Register
A1: Punjab & Sind Bank – Integrated e-Surveillance Audit – Site Audit Register
A2: Sr. No. | B2: Date of Audit | C2: ATM / CRM ID | D2: Branch Name | E2: Location / Address | F2: City | G2: Zone / Zonal Office | H2: Region / FGMO | I2: Audit Team – Lead Auditor | J2: Audit Team – Members | K2: Vendor Representative (Name / Contact) | L2: Bank Official Present (Name / Designation) | M2: Audit Start Time | N2: Audit End Time | O2: Hardware – Result | P2: Functional – Result | Q2: Network & Cyber – Result | R2: Overall Result | S2: No. of Observations | T2: Report Ref. No. | U2: Report Date | V2: Remarks
A3: 1 | B3: 46279 | C3: PSB-DEL-0142 | D3: Rajouri Garden | E3: Shop 12, Main Market, Rajouri Garden | F3: New Delhi | G3: ZO Delhi | H3: FGMO North | I3: A. Sharma | J3: R. Verma; S. Kaur | K3: Vendor site engineer – 98xxxxxxxx | L3: Branch Manager – Mr. X | M3: 0.4375 | N3: 0.55208333 | O3: Compliant | P3: Partially Compliant | Q3: Compliant | R3: Partially Compliant | S3: 3 | T3: IFIT/PSB/ES/2026-27/001 | U3: 46281 | V3: NVR retention short of 180 days; re-verification due 30-09-2026
A4: 2
A5: 3
A6: 4
A7: 5
A8: 6
A9: 7
A10: 8
A11: 9
A12: 10
A13: 11
A14: 12
A15: 13
... A32: 30
A34: Row 5 is an example entry – overwrite it with actual data.

Sheet Checklist
A1: Punjab & Sind Bank - Integrated e-Surveillance System at ATMs/CRMs | D1: INFOCUS-IT (CERT-In empanelled IS auditor)
B3: Site / ATM ID and location: | E3: Audit date:
B4: Auditor(s) / team: | E4: Zone / FGMO:
B5: Vendor representative: | E5: Bank official:
A7: ID | B7: Checkpoint | D7: How to verify | E7: Status | F7: Remarks / Observation
A8: A. HARDWARE VERIFICATION
A9: HW-01 | B9: Installed equipment matches the approved site list / BoM - make, model, serial no. and quantity | D9: Physical count vs BoM
A10: HW-02 | B10: CCTV cameras cover ATM room, back room / UPS cabinet, front lobby and front entrance | D10: Site walk-through; live feed
A11: HW-03 | B11: Cameras support H.265 (or better) compression; edge analytics (motion / tamper / intrusion) where offered | D11: Datasheet; camera config page
A12: HW-04 | B12: No camera or sensor is positioned to capture customer credentials (PIN pad / screen) | D12: Check field of view of each camera
A13: HW-05 | B13: NVR placed in back room, physically secured, storage sized for minimum 180 days recording | D13: Inspect NVR; storage calculation
A14: HW-06 | B14: Sensors installed and healthy - thermal, removal detector, vibration, tilt, motion (PIR), smoke | D14: Physical check; panel status
A15: HW-07 | B15: Intruder alarm system / control panel and fire detection (abnormal heat / smoke) installed; panel tamper protected | D15: Physical check
A16: HW-08 | B16: Two-way audio unit (speaker and microphone) installed and audible | D16: Physical check; test call
A17: HW-10 | B17: OEMs of cameras, NVR, switches and accessories not restricted / blacklisted by Govt. of India; BIS certification held for applicable models | D17: OEM declaration; BIS certificates
A18: HW-11 | B18: Site preparation, mounting and cabling done safely; old e-surveillance equipment de-installed | D18: Visual inspection
A19: B. FUNCTIONAL & QUALITY TESTING
A20: FT-01 | B20: Intrusion / unauthorised activity (PIR / IP camera) raises a real-time alert at CMS, 24x7, including ATMs closed at night; operator verifies by video | D20: Simulate event; observe CMS
A21: FT-02 | B21: Each sensor (thermal, removal, vibration, tilt, motion, smoke) triggers the correct alert with site and sensor ID | D21: Trigger each sensor
A22: FT-03 | B22: Camera analytics detects covered face / mask / helmet and loitering, and auto-generates an alert ticket | D22: Test with mask / helmet
A23: FT-04 | B23: Two-way audio is clear and stays available on link loss; pre-recorded deterrent message of at least 60 seconds plays | D23: Audio test; link-down test
A24: FT-05 | B24: Recording retained 180 days or more at site NVR and 7-day backup at CMS; flagged cases retained till closure | D24: Check oldest recording available
A25: FT-06 | B25: Video quality and FPS fit for forensic / legal use; date-time stamp correct | D25: Playback review
A26: FT-07 | B26: On-demand audio / video pull from CMS; footage given to Bank within 24 hours; export on portable device for police | D26: Sample footage request
A27: FT-08 | B27: Alerts sent by SMS / email / call to Branch, Zone and HO officials per escalation matrix; telephone escalation to police etc. | D27: Test alert; escalation log
A28: FT-09 | B28: Tickets auto-created and tracked till closure; ticket notes and call recordings kept 180 days or more | D28: Sample tickets
A29: FT-10 | B29: Bank can remotely view any ATM and run mock drills (logs available); CMS can remotely control site devices | D29: Mock drill; demo from CMS
A30: FT-11 | B30: Automated health checks - camera, HDD, sensor, video housekeeping - with status reports at set intervals | D30: Health reports
A31: FT-12 | B31: Web portal and mobile app - real-time status, UP/DOWN with equipment-wise downtime age, live view, screenshots, manual ticket, incident history; role-wise access for BM / ZM / FGMO / ATM Cell / HO Security | D31: Portal and app walk-through
... A34: FT-16 | B34: Preventive maintenance done per quarterly schedule; faults rectified within 24 hrs (metro / urban) or 48 hrs (others); standby equipment and spares available; signed PM and monthly health reports | D34: PM reports; fault tickets; spares register
A35: C. NETWORK & CYBER SECURITY
A36: NS-01 | B36: Site-to-CMS connectivity runs over a secure, dedicated VPN (GSM / CDMA) | D36: Network diagram; VPN config
A37: NS-02 | B37: Redundant connectivity from two different service providers; failover works; link uptime reported | D37: Pull primary link; uptime report
A38: NS-03 | B38: Minimum AES-256 encryption for all video feeds and data at rest | D38: Config review; traffic capture
A39: NS-04 | B39: Default credentials disabled on cameras, NVR, panels, routers and CMS | D39: Login test with default passwords
A40: NS-05 | B40: Role-based access control (RBAC) on CMS, portal and mobile app; user list reviewed | D40: User-role matrix
A41: NS-06 | B41: Multi-factor authentication (MFA) for all administrative access | D41: Admin login test
A42: NS-07 | B42: Audit logs of all administrative actions and audit trail of all access / actions retained and protected | D42: Sample log review
A43: NS-08 | B43: Security hardening of all hardware and software - unused ports / services closed, firmware and patches current | D43: Port scan; firmware versions
A44: NS-09 | B44: All video, metadata and analytics data stays in India (no transfer abroad without Bank's written approval); cloud / hybrid hosting complies with RBI data localisation and DPDP Act, 2023 | D44: Hosting details; data-flow; declaration
A45: NS-10 | B45: Annual security audit and VAPT (infrastructure, portal, mobile app) by CERT-In empanelled auditor; compliance certificate submitted to Bank; findings closed | D45: VAPT report; certificate; closure tracker
A46: NS-11 | B46: 7-day central backup is restorable and encrypted | D46: Restore test
A47: NS-12 | B47: CMS integration with Bank's Incident Response System, ATM monitoring, ticketing tools and SOC is working, secure and compliant with Bank's IT guidelines | D47: Integration test; SOC logs
B49: Lead auditor - name, signature, date: | E49: Bank official:
B50: Vendor representative - name, signature, date: | E50: Date:
B53: Section | C53: Total checks | D53: Compliant | E53: Partial | F53: Non-Compliant | G53: NA | H53: Pending | I53: % Compliant (of applicable)
B54: A. HARDWARE VERIFICATION | C54: =ROWS(Checklist!$E$9:$E$18) -> 10 | D54: =COUNTIF(Checklist!$E$9:$E$18,"Compliant") -> 0 | E54: =COUNTIF(Checklist!$E$9:$E$18,"Partial") -> 0 | F54: =COUNTIF(Checklist!$E$9:$E$18,"Non-Compliant") -> 0 | G54: =COUNTIF(Checklist!$E$9:$E$18,"NA") -> 0 | H54: =C54-SUM(D54:G54) -> 10 | I54: =IF(C54-G54=0,0,D54/(C54-G54)) -> 0
B55: B. FUNCTIONAL & QUALITY TESTING | C55: =ROWS(Checklist!$E$20:$E$34) -> 15 | D55: =COUNTIF(Checklist!$E$20:$E$34,"Compliant") -> 0 | E55: =COUNTIF(Checklist!$E$20:$E$34,"Partial") -> 0 | F55: =COUNTIF(Checklist!$E$20:$E$34,"Non-Compliant") -> 0 | G55: =COUNTIF(Checklist!$E$20:$E$34,"NA") -> 0 | H55: =C55-SUM(D55:G55) -> 15 | I55: =IF(C55-G55=0,0,D55/(C55-G55)) -> 0
B56: C. NETWORK & CYBER SECURITY | C56: =ROWS(Checklist!$E$36:$E$47) -> 12 | D56: =COUNTIF(Checklist!$E$36:$E$47,"Compliant") -> 0 | E56: =COUNTIF(Checklist!$E$36:$E$47,"Partial") -> 0 | F56: =COUNTIF(Checklist!$E$36:$E$47,"Non-Compliant") -> 0 | G56: =COUNTIF(Checklist!$E$36:$E$47,"NA") -> 0 | H56: =C56-SUM(D56:G56) -> 12 | I56: =IF(C56-G56=0,0,D56/(C56-G56)) -> 0
B57: TOTAL | C57: =SUM(C54:C56) -> 37 | D57: =SUM(D54:D56) -> 0 | E57: =SUM(E54:E56) -> 0 | F57: =SUM(F54:F56) -> 0 | G57: =SUM(G54:G56) -> 0 | H57: =SUM(H54:H56) -> 37 | I57: =IF(C57-G57=0,0,D57/(C57-G57)) -> 0
